2023-05-05T05:00,1,419.0000,440.9211
2023-05-05T06:00,1,412.0000,440.8878
2023-05-05T07:00,1,407.0000,428.1399
2023-05-05T08:00,1,402.0000,420.4387
2023-05-05T09:00,1,398.0000,416.9103
2023-05-05T10:00,1,395.0000,414.5183
2023-05-05T11:00,1,392.0000,412.1425
2023-05-05T12:00,1,390.0000,409.2658
2023-05-05T13:00,1,387.0000,416.1876
2023-05-05T14:00,1,384.0000,420.4260
2023-05-05T15:00,1,382.0000,409.4976
2023-05-05T16:00,1,382.0000,408.1873
2023-05-05T17:00,1,381.0000,410.2698
2023-05-05T18:00,1,382.0000,412.8399
2023-05-05T21:00,1,391.0000,427.5011
2023-05-05T22:00,1,394.0000,439.0196
2023-05-06T03:00,1,394.0000,454.0903
2023-05-06T04:00,1,394.0000,456.1653
2023-05-06T06:00,1,404.0000,449.1691
2023-05-06T07:00,1,434.0000,443.9206
2023-05-06T08:00,1,470.0000,437.6115
2023-05-06T09:00,1,492.0000,450.8007
2023-05-06T10:00,1,505.0000,455.4846
2023-05-06T11:00,1,514.0000,487.1182
2023-05-06T12:00,1,520.0000,517.0134
2023-05-06T13:00,1,524.0000,520.4797
2023-05-06T14:00,1,526.0000,518.5698
2023-05-06T15:00,1,527.0000,515.1460
2023-05-06T16:00,1,527.0000,514.8108
2023-05-06T17:00,1,526.0000,514.9683
2023-05-06T20:00,1,519.0000,511.3702
2023-05-06T22:00,1,517.0000,506.3190
2023-05-07T01:00,1,533.0000,494.0451
2023-05-07T02:00,1,543.0000,487.0536
2023-05-07T03:00,1,553.0000,493.2251
2023-05-07T04:00,1,560.0000,511.4647
2023-05-07T05:00,1,562.0000,522.3297
2023-05-07T06:00,1,552.0000,530.2043
2023-05-07T07:00,1,536.0000,538.1464
2023-05-07T08:00,1,521.0000,532.0926
2023-05-07T09:00,1,510.0000,525.7573
2023-05-07T11:00,1,497.0000,500.2413
2023-05-07T12:00,1,504.0000,491.2330
2023-05-07T13:00,1,518.0000,487.5637
2023-05-07T16:00,1,544.0000,500.7886
2023-05-07T17:00,1,546.0000,519.3123
2023-05-07T18:00,1,540.0000,515.0231
2023-05-07T20:00,1,525.0000,508.6555
2023-05-07T21:00,1,519.0000,507.7131
2023-05-07T22:00,1,515.0000,494.4960
2023-05-08T01:00,1,495.0000,492.7723
2023-05-08T02:00,1,487.0000,504.0522
2023-05-08T05:00,1,461.0000,473.8102
2023-05-08T06:00,1,461.0000,470.7862
2023-05-08T07:00,1,463.0000,457.5380
2023-05-08T08:00,1,465.0000,449.3273
2023-05-08T09:00,1,466.0000,458.0890
2023-05-08T10:00,1,466.0000,462.2373
2023-05-08T11:00,1,464.0000,477.4175
2023-05-08T12:00,1,463.0000,482.8818
2023-05-08T13:00,1,460.0000,479.8760
2023-05-08T14:00,1,458.0000,469.0404
2023-05-08T15:00,1,457.0000,467.0901
2023-05-08T16:00,1,458.0000,466.3536
2023-05-08T17:00,1,459.0000,463.5173
2023-05-08T18:00,1,460.0000,461.5651
2023-05-08T20:00,1,461.0000,464.4641
2023-05-08T21:00,1,460.0000,465.3274
2023-05-08T22:00,1,458.0000,467.4745
2023-05-09T01:00,1,453.0000,457.4610
2023-05-09T02:00,1,450.0000,455.8569
2023-05-09T03:00,1,448.0000,454.4225
2023-05-09T04:00,1,445.0000,451.2285
2023-05-09T05:00,1,443.0000,452.6368
2023-05-09T06:00,1,441.0000,449.6707
2023-05-09T07:00,1,435.0000,448.2731
2023-05-09T08:00,1,418.0000,444.7582
2023-05-09T09:00,1,406.0000,441.3815
2023-05-09T10:00,1,404.0000,429.3692
2023-05-09T11:00,1,408.0000,432.9528
2023-05-09T12:00,1,412.0000,420.9761
2023-05-09T13:00,1,415.0000,419.0305
2023-05-09T14:00,1,416.0000,422.4162
2023-05-09T15:00,1,416.0000,428.2101
2023-05-09T16:00,1,421.0000,430.8194
2023-05-09T17:00,1,435.0000,431.1272
2023-05-09T18:00,1,440.0000,438.8213
2023-05-09T20:00,1,427.0000,436.3184
2023-05-09T21:00,1,420.0000,448.1943
2023-05-09T22:00,1,414.0000,445.6961
2023-05-10T01:00,1,402.0000,424.5043
2023-05-10T02:00,1,399.0000,424.1029
2023-05-10T03:00,1,397.0000,434.8359
2023-05-10T04:00,1,394.0000,423.9351
2023-05-10T05:00,1,392.0000,416.6461
2023-06-15T21:00,2,483.0000,463.9080
2023-06-15T22:00,2,491.0000,501.7890
2023-06-15T23:00,2,489.0000,517.5204
2023-06-16T00:00,2,486.0000,528.7042
2023-06-16T01:00,2,489.0000,544.8262
2023-06-16T02:00,2,496.0000,550.3734
2023-06-16T03:00,2,509.0000,547.2541
2023-06-16T04:00,2,545.0000,548.0875
2023-06-16T05:00,2,625.0000,564.1824
2023-06-16T06:00,2,699.0000,597.3797
2023-06-16T07:00,2,770.0000,647.3764
2023-06-16T08:00,2,834.0000,678.0161
2023-06-16T09:00,2,867.0000,810.3571
2023-06-16T10:00,2,880.0000,930.8209
2023-06-16T11:00,2,886.0000,979.5473
2023-06-16T12:00,2,888.0000,1035.0360
2023-06-16T13:00,2,888.0000,1030.9696
2023-06-16T14:00,2,883.0000,1010.7835
2023-06-16T15:00,2,881.0000,993.7769
2023-06-16T16:00,2,877.0000,983.9340
2023-06-16T17:00,2,874.0000,966.6020
2023-06-16T18:00,2,881.0000,943.8863
2023-06-16T19:00,2,888.0000,939.8090
2023-06-16T20:00,2,893.0000,927.8223
2023-06-16T21:00,2,881.0000,928.6912
2023-06-16T22:00,2,868.0000,910.9047
2023-06-16T23:00,2,856.0000,867.9098
2023-06-17T00:00,2,843.0000,806.9544
2023-06-17T01:00,2,822.0000,793.1146
2023-06-17T02:00,2,801.0000,780.7171
2023-06-17T03:00,2,787.0000,736.4723
2023-06-17T04:00,2,771.0000,762.5194
2023-06-17T08:00,2,728.0000,710.8845
2023-06-17T09:00,2,721.0000,690.6043
2023-06-17T10:00,2,711.0000,700.3655
2023-06-17T11:00,2,696.0000,687.9673
2023-06-17T12:00,2,681.0000,682.7281
2023-06-17T13:00,2,666.0000,657.4993
2023-06-17T14:00,2,654.0000,632.4353
2023-06-17T15:00,2,646.0000,626.0884
2023-06-17T16:00,2,641.0000,622.2578
2023-06-17T20:00,2,620.0000,607.7542
2023-06-17T21:00,2,613.0000,616.6484
2023-06-17T22:00,2,606.0000,592.1447
2023-06-17T23:00,2,599.0000,583.5991
2023-06-18T00:00,2,594.0000,589.3944
2023-06-18T01:00,2,588.0000,575.9038
2023-06-18T04:00,2,568.0000,556.2574
2023-06-18T05:00,2,564.0000,550.4272
2023-06-18T07:00,2,549.0000,545.4629
2023-06-18T08:00,2,533.0000,546.1696
2023-06-18T09:00,2,519.0000,533.6739
2023-06-18T10:00,2,511.0000,520.0151
2023-06-18T11:00,2,509.0000,508.6359
2023-06-18T12:00,2,510.0000,499.4992
2023-06-18T13:00,2,511.0000,494.6796
2023-06-18T16:00,2,513.0000,496.8614
2023-06-18T17:00,2,521.0000,497.3603
2023-06-18T18:00,2,530.0000,498.7870
2023-06-18T19:00,2,526.0000,503.8354
2023-06-18T20:00,2,519.0000,504.3801
2023-06-18T21:00,2,509.0000,508.0387
2023-06-18T22:00,2,500.0000,511.2310
2023-06-18T23:00,2,491.0000,496.9850
2023-06-19T00:00,2,484.0000,485.9843
2023-06-19T01:00,2,478.0000,476.2386
2023-06-19T02:00,2,473.0000,477.3827
2023-06-19T03:00,2,469.0000,476.2952
2023-06-19T04:00,2,465.0000,469.4188
2023-06-19T05:00,2,461.0000,459.9292
2023-06-19T06:00,2,458.0000,454.5942
2023-06-19T07:00,2,454.0000,452.5788
2023-06-19T08:00,2,451.0000,454.4330
2023-06-19T09:00,2,447.0000,454.7120
2023-06-19T10:00,2,444.0000,454.6450
2023-06-19T11:00,2,441.0000,446.8248
2023-06-19T12:00,2,438.0000,438.8185
2023-06-19T13:00,2,435.0000,444.9852
2023-06-19T14:00,2,433.0000,449.4879
2023-06-19T15:00,2,430.0000,450.6980
2023-06-19T16:00,2,428.0000,447.3547
2023-06-19T17:00,2,426.0000,445.7156
2023-06-19T18:00,2,422.0000,441.5656
2023-06-19T19:00,2,420.0000,438.3293
2023-06-19T20:00,2,417.0000,439.5119
2023-06-19T21:00,2,415.0000,439.2667
2023-06-19T22:00,2,413.0000,434.2320
2023-06-19T23:00,2,411.0000,430.9722
2023-06-20T00:00,2,409.0000,432.4779
2023-06-20T01:00,2,407.0000,428.9845
2023-06-20T02:00,2,405.0000,430.6741
2023-06-20T03:00,2,403.0000,428.7694
2023-06-20T04:00,2,402.0000,428.9021
2023-06-20T05:00,2,400.0000,424.9227
2023-06-20T06:00,2,398.0000,425.1404
2023-06-20T07:00,2,397.0000,424.7685
2023-06-20T08:00,2,395.0000,422.3291
2023-06-20T09:00,2,393.0000,421.1994
2023-07-08T07:00,3,456.0000,468.7779
2023-07-08T08:00,3,475.0000,478.3147
2023-07-08T09:00,3,489.0000,483.9237
2023-07-08T10:00,3,505.0000,496.9785
2023-07-08T11:00,3,518.0000,537.1317
2023-07-08T12:00,3,525.0000,550.9989
2023-07-08T13:00,3,529.0000,562.5467
2023-07-08T14:00,3,539.0000,579.0895
2023-07-08T15:00,3,560.0000,584.4904
2023-07-08T16:00,3,588.0000,586.3640
2023-07-08T17:00,3,609.0000,587.8204
2023-07-08T18:00,3,644.0000,602.8468
2023-07-08T19:00,3,664.0000,602.4896
2023-07-08T20:00,3,678.0000,649.5646
2023-07-08T21:00,3,684.0000,669.6745
2023-07-08T22:00,3,686.0000,706.2043
2023-07-08T23:00,3,687.0000,704.5674
2023-07-09T00:00,3,683.0000,706.9199
2023-07-09T01:00,3,677.0000,685.1395
2023-07-09T02:00,3,673.0000,668.0420
2023-07-09T03:00,3,675.0000,673.3873
2023-07-09T04:00,3,685.0000,664.7326
2023-07-09T05:00,3,699.0000,647.3726
2023-07-09T06:00,3,713.0000,657.5463
2023-07-09T07:00,3,721.0000,666.9834
2023-07-09T08:00,3,734.0000,692.0475
2023-07-09T09:00,3,740.0000,693.4178
2023-07-09T10:00,3,729.0000,690.3382
2023-07-09T11:00,3,714.0000,686.8972
2023-07-09T12:00,3,706.0000,683.5447
2023-07-09T13:00,3,698.0000,669.4525
2023-07-09T14:00,3,691.0000,653.5277
2023-07-09T15:00,3,682.0000,647.3344
2023-07-09T16:00,3,672.0000,644.4765
2023-07-09T17:00,3,663.0000,636.0404
2023-07-09T18:00,3,652.0000,626.7729
2023-07-09T19:00,3,643.0000,621.5673
2023-07-09T20:00,3,633.0000,611.3729
2023-07-09T21:00,3,624.0000,596.9961
2023-07-09T22:00,3,614.0000,584.2639
2023-07-09T23:00,3,605.0000,570.1765
2023-07-10T00:00,3,596.0000,555.2863
2023-07-10T01:00,3,588.0000,546.3548
2023-07-10T02:00,3,581.0000,547.5944
2023-07-10T03:00,3,575.0000,544.3478
2023-07-10T04:00,3,568.0000,533.0250
2023-07-10T05:00,3,562.0000,545.2594
2023-07-10T06:00,3,556.0000,549.8720
2023-07-10T07:00,3,550.0000,531.7330
2023-07-10T08:00,3,544.0000,522.2124
2023-07-10T09:00,3,539.0000,523.7511
2023-07-10T10:00,3,532.0000,521.6143
2023-07-10T11:00,3,527.0000,519.1293
2023-07-10T12:00,3,521.0000,512.2365
2023-07-10T13:00,3,516.0000,508.8245
2023-07-10T15:00,3,507.0000,499.6692
2023-07-10T16:00,3,502.0000,493.8983
2023-07-10T17:00,3,497.0000,495.2906
2023-07-10T18:00,3,491.0000,492.3554
2023-07-10T19:00,3,486.0000,486.4824
2023-07-10T20:00,3,483.0000,483.8821
2023-07-10T21:00,3,480.0000,480.0184
2023-07-10T22:00,3,477.0000,474.4199
2023-07-10T23:00,3,474.0000,472.7704
2023-07-11T00:00,3,470.0000,473.6033
2023-07-11T01:00,3,467.0000,471.1963
2023-07-11T03:00,3,460.0000,466.3098
2023-07-11T04:00,3,457.0000,463.3055
2023-07-11T05:00,3,453.0000,462.7431
2023-07-11T06:00,3,450.0000,457.8289
2023-07-11T07:00,3,447.0000,458.0446
2023-07-11T08:00,3,444.0000,455.6440
2023-07-11T12:00,3,433.0000,449.1811
2023-07-11T13:00,3,431.0000,446.3110
2023-07-11T14:00,3,428.0000,444.3118
2023-07-11T15:00,3,426.0000,443.4728
2023-07-11T16:00,3,423.0000,441.9975
2023-07-11T17:00,3,421.0000,439.8116
2023-07-11T18:00,3,419.0000,439.3892
2023-07-11T19:00,3,417.0000,438.5302
2023-07-11T20:00,3,415.0000,436.2012
2023-07-12T01:00,3,406.0000,431.6091
2023-07-12T02:00,3,405.0000,430.9600
2023-07-12T03:00,3,405.0000,429.1200
2023-07-12T04:00,3,405.0000,429.2105
2023-07-12T05:00,3,405.0000,427.9783
2023-07-12T06:00,3,406.0000,429.6176
2023-07-12T07:00,3,412.0000,430.4116
2023-07-12T08:00,3,417.0000,432.0818
2023-07-12T09:00,3,425.0000,433.2527
2023-07-12T10:00,3,436.0000,437.0525
2023-07-12T11:00,3,449.0000,445.8036
2023-07-12T13:00,3,484.0000,465.7637
2023-07-12T14:00,3,519.0000,481.3746
2023-07-12T15:00,3,550.0000,503.4547
2023-07-12T16:00,3,600.0000,541.6860
2023-07-12T17:00,3,652.0000,582.0116
2023-07-12T18:00,3,752.0000,636.5968
2023-07-12T19:00,3,862.6145,677.9818
2023-07-12T20:00,3,982.0000,786.1470
2023-07-12T21:00,3,1057.0000,878.7443
2023-07-12T22:00,3,1106.0000,1096.9513
2023-07-12T23:00,3,1145.0000,1188.5142
2023-07-13T00:00,3,1179.0000,1317.1993
2023-07-13T01:00,3,1206.0000,1382.1159
2023-07-13T02:00,3,1226.0000,1444.6399
2023-07-13T03:00,3,1240.0000,1480.9102
2023-07-13T04:00,3,1247.0000,1497.0165
2023-07-13T05:00,3,1250.0000,1504.0013
2023-07-13T06:00,3,1249.0000,1509.8121
2023-07-13T07:00,3,1245.0000,1503.7121
2023-07-13T08:00,3,1239.0000,1481.8535
2023-07-13T09:00,3,1230.0000,1456.7719
2023-07-13T10:00,3,1223.0000,1445.4227
2023-07-13T11:00,3,1211.0000,1418.2667
2023-07-13T12:00,3,1198.0000,1377.5093
2023-07-13T13:00,3,1180.0000,1332.9993
2023-07-13T14:00,3,1163.0000,1268.5932
2023-07-13T15:00,3,1140.0000,1140.7015
2023-07-13T16:00,3,1117.0000,1201.0223
2023-07-13T17:00,3,1093.0000,1188.2667
2023-07-13T18:00,3,1068.0000,1172.0813
2023-07-13T19:00,3,1047.6176,1116.7537
2023-07-13T20:00,3,1031.0000,1080.5088
2023-07-13T21:00,3,1020.0000,1032.7898
2023-07-13T22:00,3,1005.0000,992.5675
2023-07-13T23:00,3,989.0000,985.5304
2023-07-14T00:00,3,968.0000,975.7974
2023-07-14T01:00,3,948.0000,961.4162
2023-07-14T02:00,3,927.0000,929.9637
2023-07-14T03:00,3,902.0000,903.1453
2023-07-14T05:00,3,860.0000,857.7739
2023-07-14T06:00,3,845.0000,817.4557
2023-07-14T07:00,3,823.0000,810.4488
2023-07-14T08:00,3,808.0000,793.1475
2023-07-14T09:00,3,799.0000,780.4377
2023-07-14T10:00,3,795.0000,773.8689
2023-07-14T11:00,3,803.0000,758.0936
2023-07-14T12:00,3,801.0000,756.0564
2023-07-14T13:00,3,790.0000,776.6031
2023-07-14T21:00,3,669.0000,659.4551
2023-07-14T22:00,3,658.0000,642.7536
2023-07-14T23:00,3,644.0000,657.8760
2023-07-15T00:00,3,645.0000,639.6346
2023-07-15T01:00,3,646.0000,619.7372
2023-07-15T08:00,3,611.0000,599.1886
2023-07-15T09:00,3,605.0000,598.9544
2023-07-15T10:00,3,599.0000,595.5458
2023-07-15T11:00,3,592.0000,601.0792
2023-07-15T12:00,3,584.0000,582.8637
2023-07-15T13:00,3,577.0000,575.6951
2023-07-15T14:00,3,575.0000,556.6851
2023-07-15T15:00,3,574.0000,549.5185
2023-07-15T16:00,3,574.0000,545.5975
2023-07-15T17:00,3,572.0000,549.9652
2023-07-15T18:00,3,567.0000,554.8284
2023-07-15T19:00,3,563.0000,539.5517
2023-07-15T20:00,3,558.0000,535.8363
2023-07-15T21:00,3,554.0000,537.0522
2023-07-15T22:00,3,550.0000,535.6711
2023-07-15T23:00,3,545.0000,532.0731
2023-07-16T00:00,3,541.0000,528.7408
2023-07-16T01:00,3,538.0000,527.2005
2023-07-16T02:00,3,533.0000,523.5186
2023-07-16T03:00,3,531.0000,518.3611
2023-07-16T04:00,3,527.0000,513.5743
2023-07-16T05:00,3,523.0000,513.6660
2023-07-16T06:00,3,519.0000,508.1830
2023-07-16T07:00,3,516.0000,513.6285
2023-07-16T08:00,3,503.0000,505.6239
2023-07-16T09:00,3,479.0000,497.8072
2023-07-16T10:00,3,456.0000,488.5256
2023-07-16T11:00,3,440.0000,477.6779
2023-07-16T12:00,3,431.0000,470.1760
2023-07-16T13:00,3,427.0000,452.0878
2023-07-16T14:00,3,438.0000,443.6672
2023-07-16T15:00,3,475.0000,438.9140
2023-07-16T16:00,3,497.0000,445.5928
2023-07-16T17:00,3,509.0000,470.6770
2023-07-16T18:00,3,516.0000,463.6890
2023-07-16T19:00,3,518.0000,513.9040
2023-07-16T20:00,3,515.0000,512.1884
2023-07-16T21:00,3,510.0000,510.0855
2023-07-16T22:00,3,504.0000,508.6595
2023-07-16T23:00,3,498.0000,504.5319
2023-07-17T00:00,3,492.0000,495.5179
2023-07-17T01:00,3,486.0000,490.4408
2023-07-17T02:00,3,480.0000,485.5397
2023-07-17T03:00,3,474.0000,485.9418
2023-07-17T04:00,3,469.0000,492.0455
2023-07-17T05:00,3,464.0000,480.2091
2023-07-17T06:00,3,460.0000,468.8865
2023-07-17T07:00,3,457.0000,462.3943
2023-07-17T08:00,3,454.0000,458.1217
2023-07-17T09:00,3,451.0000,448.1530
2023-07-17T10:00,3,448.0000,427.1481
2023-07-17T11:00,3,446.0000,447.5994
2023-07-17T12:00,3,443.0000,447.9959
2023-07-17T13:00,3,441.0000,448.6716
2023-07-17T14:00,3,440.0000,450.0803
2023-07-17T15:00,3,438.0000,451.0345
2023-07-17T16:00,3,435.0000,450.4941
2023-07-17T17:00,3,433.0000,450.9493
2023-07-17T18:00,3,431.0000,449.8251
2023-07-17T20:00,3,427.0000,445.6761
2023-07-17T21:00,3,426.0000,444.2490
2023-07-17T22:00,3,424.0000,443.6910
2023-07-18T01:00,3,420.0000,440.3185
2023-07-18T02:00,3,418.0000,438.0266
2023-07-18T03:00,3,417.0000,437.6315
2023-07-18T04:00,3,415.0000,436.5695
2023-07-18T05:00,3,414.0000,434.5457
2023-07-18T06:00,3,412.0000,435.2266
2023-07-18T07:00,3,411.0000,434.6489
2023-07-18T08:00,3,409.0000,431.9325
2023-07-18T09:00,3,407.0000,432.0622
2023-07-18T10:00,3,406.0000,430.1086
2023-07-18T11:00,3,405.0000,430.0520
2023-07-18T12:00,3,404.0000,428.6750
2023-07-18T13:00,3,403.0000,427.5124
2023-07-18T14:00,3,401.0000,428.0115
2023-07-18T15:00,3,400.0000,427.0405
2023-07-18T16:00,3,399.0000,426.8024
2023-07-18T17:00,3,398.0000,425.8152
2023-07-18T18:00,3,396.0000,423.6005
2023-09-03T18:00,4,441.0000,480.7297
2023-09-03T19:00,4,450.0000,486.0076
2023-09-03T20:00,4,446.0000,486.4556
2023-09-03T21:00,4,447.0000,478.9168
2023-09-03T22:00,4,450.0000,490.3069
2023-09-03T23:00,4,458.0000,498.9338
2023-09-04T00:00,4,476.0000,490.3492
2023-09-04T01:00,4,501.0000,498.6095
2023-09-04T02:00,4,540.0000,515.4944
2023-09-04T03:00,4,574.0000,548.1689
2023-09-04T04:00,4,605.0000,598.9385
2023-09-04T05:00,4,636.0000,647.2401
2023-09-04T06:00,4,678.0000,734.1175
2023-09-04T07:00,4,756.0000,792.3651
2023-09-04T08:00,4,919.0000,822.6745
2023-09-04T09:00,4,1133.0000,923.2129
2023-11-13T08:00,5,508.0000,477.4006
2023-11-13T09:00,5,531.0000,488.8420
2023-11-13T10:00,5,557.0000,510.4958
2023-11-13T11:00,5,584.0000,528.3673
2023-11-13T12:00,5,604.0000,573.2600
2023-11-13T13:00,5,621.0000,601.1346
2023-11-13T14:00,5,641.0000,625.7532
2023-11-13T15:00,5,662.0000,651.9320
2023-11-13T16:00,5,677.0000,673.6227
2023-11-13T17:00,5,686.0000,695.3495
2023-11-13T18:00,5,688.0000,721.0457
2023-11-13T19:00,5,685.0000,728.2863
2023-11-13T20:00,5,683.0000,735.2271
2023-11-13T21:00,5,681.0000,728.2883
2023-11-13T22:00,5,681.0000,707.4492
2023-11-13T23:00,5,685.0000,680.1228
2023-11-14T00:00,5,690.0000,671.4721
2023-11-14T01:00,5,698.0000,663.5038
2023-11-14T02:00,5,725.0000,665.0182
2023-11-14T03:00,5,763.0000,664.0708
2023-11-14T04:00,5,783.0000,697.3287
2023-11-14T05:00,5,792.0000,743.4490
2023-11-14T06:00,5,795.0000,763.9409
2023-11-14T07:00,5,797.0000,816.5979
2023-11-14T08:00,5,797.0000,828.1226
2023-11-14T09:00,5,790.0000,814.5392
2023-11-14T10:00,5,783.0000,801.1315
2023-11-14T11:00,5,787.0000,803.5622
2023-11-14T12:00,5,781.0000,784.6259
2023-11-14T13:00,5,773.0000,820.5901
2023-11-14T14:00,5,768.0000,778.0745
2023-11-14T15:00,5,755.0000,775.5268
2023-11-14T16:00,5,735.0000,761.2488
2023-11-14T17:00,5,722.0000,737.7377
2023-11-14T18:00,5,714.0000,701.8476
2023-11-14T19:00,5,707.0000,682.8890
2023-11-14T20:00,5,702.0000,661.5790
2023-11-14T21:00,5,695.0000,632.2020
2023-11-14T22:00,5,681.0000,597.0305
2023-11-14T23:00,5,672.0000,618.2715
2023-11-15T00:00,5,667.0000,624.1975
2023-11-15T01:00,5,660.0000,641.2226
2023-11-15T02:00,5,643.0000,643.6954
2023-11-15T03:00,5,623.0000,640.4577
2023-11-15T04:00,5,610.0000,629.5747
2023-11-15T05:00,5,608.0000,631.5576
2023-11-15T06:00,5,610.0000,580.6891
2023-11-15T07:00,5,611.0000,592.9618
2023-11-15T08:00,5,608.0000,606.0240
2023-11-15T09:00,5,586.0000,599.0337
2023-11-15T10:00,5,568.0000,611.1439
2023-11-15T11:00,5,567.0000,605.9473
2023-11-15T12:00,5,573.0000,590.9964
2023-11-15T13:00,5,577.0000,564.7090
2023-11-15T14:00,5,580.0000,561.9168
2023-11-15T15:00,5,589.0000,582.3772
2023-11-15T16:00,5,610.0000,593.7500
2023-11-15T17:00,5,612.0000,593.5735
2023-11-15T18:00,5,604.0000,619.9295
2023-11-15T19:00,5,593.0000,597.3797
2023-11-15T20:00,5,584.0000,626.6859
2023-11-15T21:00,5,577.0000,618.6231
2023-11-15T22:00,5,573.0000,607.4155
2023-11-15T23:00,5,572.0000,586.3822
2023-11-16T00:00,5,573.0000,571.3683
2023-11-16T01:00,5,575.0000,561.0532
2023-11-16T02:00,5,585.0000,568.7646
2023-11-16T03:00,5,601.0000,571.9884
2023-11-16T04:00,5,627.0000,603.7286
2023-11-16T05:00,5,648.0000,600.5841
2023-11-16T06:00,5,657.0000,602.7158
2023-11-16T07:00,5,659.0000,625.4549
2023-11-16T08:00,5,662.0000,661.4947
2023-11-16T09:00,5,668.0000,675.0691
2023-11-16T10:00,5,679.0000,670.1039
2023-11-16T11:00,5,690.0000,643.5862
2023-11-16T12:00,5,693.0000,683.8922
2023-11-16T13:00,5,693.0000,726.0714
2023-11-16T14:00,5,700.0000,738.8950
2023-11-16T15:00,5,713.0000,734.2597
2023-11-16T16:00,5,731.0000,733.6169
2023-11-16T17:00,5,746.0000,739.2969
2023-11-16T18:00,5,764.0000,762.1056
2023-11-16T19:00,5,793.0000,779.6043
2023-11-16T20:00,5,817.0000,793.1312
2023-11-16T21:00,5,831.0000,822.5454
2023-11-16T22:00,5,841.0000,838.9883
2023-11-16T23:00,5,856.0000,853.1908
2023-11-17T00:00,5,868.0000,872.8908
2023-11-17T01:00,5,876.0000,895.6249
2023-11-17T02:00,5,879.0000,917.3808
2023-11-17T03:00,5,880.0000,940.2864
2023-11-17T04:00,5,883.0000,934.5229
2023-11-17T05:00,5,888.0000,928.8847
2023-11-17T06:00,5,886.0000,922.8269
2023-11-17T07:00,5,879.0000,926.5929
2023-11-17T08:00,5,874.0000,925.7509
2023-11-17T09:00,5,866.0000,908.8501
2023-11-17T10:00,5,858.0000,886.9759
2023-11-17T11:00,5,858.0000,865.8902
2023-11-17T12:00,5,861.0000,872.3319
2023-11-17T13:00,5,866.0000,868.3503
2023-11-17T14:00,5,873.0000,853.4499
2023-11-17T15:00,5,881.0000,892.3911
2023-11-17T16:00,5,894.0000,948.4122
2023-11-17T20:00,5,1071.0000,1083.2145
2023-11-17T21:00,5,1142.0000,1181.8350
2023-11-17T22:00,5,1229.0000,1260.0776
2023-11-17T23:00,5,1326.0000,1317.8586
2023-11-18T00:00,5,1433.0000,1392.1255
2023-11-18T01:00,5,1511.0000,1484.4970
2023-11-18T02:00,5,1566.0000,1564.4032
2023-11-18T03:00,5,1616.0000,1628.8318
2023-11-18T04:00,5,1663.0000,1707.6494
2023-11-18T05:00,5,1713.0000,1771.2515
2023-11-18T06:00,5,1747.0000,1805.2168
2023-11-18T07:00,5,1763.0000,1848.4094
2023-11-18T08:00,5,1794.0000,1883.9873
2023-11-18T19:00,5,2144.0000,2014.2298
2023-11-18T20:00,5,2133.0000,2009.2957
2023-11-18T21:00,5,2115.0000,2009.9447
2023-11-18T22:00,5,2092.0000,2003.0947
2023-11-18T23:00,5,2064.0000,1985.3557
2023-11-19T00:00,5,2035.0000,1975.3949
2023-11-19T01:00,5,1997.0000,1953.6168
2023-11-19T02:00,5,1959.0000,1932.1737
2023-11-19T11:00,5,1475.0000,1556.5073
2023-11-19T12:00,5,1429.0000,1495.1128
2023-11-19T13:00,5,1390.0000,1424.5959
2023-11-19T14:00,5,1347.0000,1386.2652
2023-11-19T15:00,5,1311.0000,1325.8859
2023-11-19T16:00,5,1277.0000,1285.3512
2023-11-19T17:00,5,1249.0000,1255.9823
2023-11-19T18:00,5,1206.0000,1210.2923
2023-11-19T19:00,5,1177.0000,1181.6041
2023-11-19T20:00,5,1151.0000,1140.3277
2023-11-19T21:00,5,1125.0000,1124.8888
2023-11-19T22:00,5,1101.0000,1066.3820
2023-11-19T23:00,5,1081.0000,1055.7424
2023-11-20T00:00,5,1062.0000,1052.3893
2023-11-20T01:00,5,1039.0000,1020.0542
2023-11-20T02:00,5,1013.0000,1017.7762
2023-11-20T03:00,5,988.0000,1013.8843
2023-11-20T04:00,5,966.0000,1000.7456
2023-11-20T05:00,5,947.0000,973.0408
2023-11-20T06:00,5,929.0000,938.5699
2023-11-20T07:00,5,913.0000,933.7290
2023-11-20T08:00,5,904.0000,899.4892
2023-11-20T09:00,5,892.0000,895.3477
2023-11-20T10:00,5,878.0000,885.9599
2023-11-20T11:00,5,851.0000,858.2669
2023-11-20T12:00,5,827.0000,861.6575
2023-11-20T13:00,5,813.0000,849.3942
2023-11-20T14:00,5,806.0000,814.9804
2023-11-20T15:00,5,801.0000,769.7562
2023-11-20T16:00,5,794.0000,759.1709
2023-11-20T17:00,5,787.0000,756.5914
2023-11-20T18:00,5,779.0000,753.6360
2023-11-20T19:00,5,768.0000,756.7394
2023-11-20T20:00,5,746.0000,762.5934
2023-11-20T22:00,5,714.0000,742.1737
2023-11-20T23:00,5,713.0000,699.3658
2023-11-21T00:00,5,713.0000,679.9926
2023-11-21T01:00,5,712.0000,665.2602
2023-11-21T02:00,5,707.0000,681.1467
2023-11-21T03:00,5,692.0000,696.7429
2023-11-21T04:00,5,671.0000,707.1745
2023-11-21T05:00,5,659.0000,693.6267
2023-11-21T06:00,5,657.0000,680.3571
2023-11-21T07:00,5,658.0000,681.1578
2023-11-21T08:00,5,658.0000,642.7992
2023-11-21T09:00,5,655.0000,639.8582
2023-11-21T10:00,5,652.0000,655.3342
2023-11-21T11:00,5,648.0000,645.3164
2023-11-21T12:00,5,644.0000,644.1128
2023-11-21T14:00,5,635.0000,633.5680
2023-11-21T15:00,5,630.0000,636.3961
2023-11-21T16:00,5,626.0000,650.3275
2023-11-21T17:00,5,622.0000,619.6191
2023-11-21T18:00,5,617.0000,598.7924
2023-11-21T19:00,5,614.0000,590.2163
2023-11-21T20:00,5,607.0000,588.3924
2023-11-21T21:00,5,598.0000,588.5008
2023-11-21T22:00,5,589.0000,593.2417
2023-11-21T23:00,5,584.0000,598.5769
2023-11-22T00:00,5,581.0000,574.9814
2023-11-22T01:00,5,578.0000,559.0736
2023-11-22T02:00,5,576.0000,550.8540
2023-11-22T03:00,5,574.0000,551.8351
2023-11-22T04:00,5,571.0000,556.1840
2023-11-22T05:00,5,568.0000,552.5627
2023-11-22T06:00,5,565.0000,553.4028
2023-11-22T07:00,5,562.0000,551.5948
2023-11-22T08:00,5,559.0000,548.8717
2023-11-22T09:00,5,556.0000,544.9592
2023-11-22T10:00,5,554.0000,542.9377
2023-11-22T11:00,5,553.0000,541.3435
2023-11-22T12:00,5,555.0000,527.6578
2023-11-22T13:00,5,560.0000,525.8106
2023-11-22T14:00,5,566.0000,533.6454
2023-11-22T15:00,5,577.0000,536.6635
2023-11-22T16:00,5,586.0000,547.3201
2023-11-22T17:00,5,592.0000,559.7268
2023-11-22T18:00,5,596.0000,562.7960
2023-11-22T19:00,5,597.0000,579.2532
2023-11-22T20:00,5,598.0000,586.9783
2023-11-22T21:00,5,599.0000,589.1739
2023-11-22T22:00,5,601.0000,593.1440
2023-11-23T00:00,5,612.0000,607.1752
2023-11-23T01:00,5,625.0000,614.0283
2023-11-23T02:00,5,639.0000,605.8077
2023-11-23T03:00,5,648.0000,621.4177
2023-11-23T04:00,5,653.0000,639.5920
2023-11-23T05:00,5,654.0000,659.4723
2023-11-23T06:00,5,656.0000,670.8979
2023-11-23T07:00,5,655.0000,678.4792
2023-11-23T08:00,5,655.0000,673.3051
2023-11-23T09:00,5,654.0000,665.3242
2023-11-23T10:00,5,644.0000,666.2667
2023-11-23T11:00,5,636.0000,659.5448
2023-11-23T12:00,5,635.0000,645.8409
2023-11-23T13:00,5,644.0000,640.4641
2023-11-23T14:00,5,659.0000,628.4771
2023-11-23T16:00,5,690.0000,631.2303
2023-11-23T17:00,5,695.0000,650.9906
2023-11-23T18:00,5,694.0000,663.7229
2023-11-23T19:00,5,689.0000,676.9415
2023-11-23T22:00,5,677.0000,647.0562
2023-11-24T01:00,5,660.0000,630.3933
2023-11-24T02:00,5,653.0000,621.0755
2023-11-24T03:00,5,646.0000,612.0170
2023-11-24T04:00,5,640.0000,606.6561
2023-11-24T05:00,5,634.0000,606.0404
2023-11-24T06:00,5,628.0000,601.0612
2023-11-24T07:00,5,622.0000,586.2463
2023-11-24T08:00,5,616.0000,572.8941
2023-11-24T09:00,5,610.0000,562.1182
2023-11-24T10:00,5,604.0000,553.4497
2023-11-24T11:00,5,598.0000,552.2263
2023-11-24T12:00,5,592.0000,567.8034
2023-11-24T16:00,5,550.0000,550.6679
2023-11-24T17:00,5,548.0000,541.9875
2023-11-24T18:00,5,547.0000,531.8518
2023-11-24T19:00,5,547.0000,529.0246
2023-11-24T23:00,5,535.0000,536.9383
2023-11-25T00:00,5,532.0000,533.0735
2023-11-25T02:00,5,526.0000,530.4408
2023-11-25T03:00,5,522.0000,525.6421
2023-11-25T04:00,5,519.0000,513.1303
2023-11-25T05:00,5,515.0000,509.0008
2023-11-25T06:00,5,512.0000,504.5589
2023-11-25T07:00,5,508.0000,501.3553
2023-11-25T08:00,5,506.0000,505.3199
2023-11-25T09:00,5,499.0000,504.9266
2023-11-25T10:00,5,490.0000,498.2471
2023-11-25T11:00,5,482.0000,488.3641
2023-11-25T13:00,5,473.0000,480.0658
2023-11-25T16:00,5,477.0000,471.1591
2023-11-25T17:00,5,480.0000,470.5124
2023-11-25T18:00,5,484.0000,472.0850
2023-11-25T19:00,5,486.0000,474.3701
2023-11-25T20:00,5,486.0000,478.4375
2023-11-25T21:00,5,482.0000,479.8089
2023-11-25T22:00,5,478.0000,479.7800
2023-11-25T23:00,5,473.0000,479.7494
2023-11-26T00:00,5,469.0000,477.6547
2023-11-26T01:00,5,465.0000,471.0240
2023-11-26T02:00,5,461.0000,469.3916
2023-11-26T03:00,5,457.0000,462.1962
2023-11-26T04:00,5,454.0000,463.5863
2023-11-26T05:00,5,447.0000,462.7263
2023-11-26T06:00,5,418.0000,457.1463
2023-11-26T07:00,5,387.0000,452.8668
2023-11-26T08:00,5,369.0000,428.1545
2023-11-26T09:00,5,358.0000,435.3553
2023-11-26T10:00,5,351.0000,413.2498
2023-11-26T11:00,5,347.0000,397.1681
2023-11-26T12:00,5,348.0000,397.2914
2023-11-26T13:00,5,353.0000,398.4486
2023-11-26T14:00,5,361.0000,400.0822
2023-11-26T15:00,5,371.0000,402.9860
2023-11-26T16:00,5,391.0000,408.0259
2023-11-26T17:00,5,429.9283,413.7915
2023-11-26T18:00,5,463.1255,428.5685
2023-11-26T19:00,5,480.0000,448.9339
2023-11-26T20:00,5,487.0000,450.5540
2023-11-27T00:00,5,473.0000,487.3409
2023-11-27T01:00,5,466.0000,511.2783
2023-11-27T02:00,5,459.0000,482.2299
2023-11-27T03:00,5,452.0000,464.9682
2023-11-27T04:00,5,446.0000,459.4235
2023-11-27T05:00,5,439.0000,453.9492
2023-11-27T06:00,5,431.0000,445.6846
2023-11-27T07:00,5,423.0000,437.8980
2023-11-27T08:00,5,416.0000,434.3800
2023-11-27T09:00,5,411.0000,428.2348
2023-11-27T10:00,5,408.0000,424.9672
2023-11-27T11:00,5,406.0000,414.0364
2023-11-27T12:00,5,404.0000,402.6435
2023-11-27T16:00,5,392.0000,424.1862
2023-11-27T17:00,5,391.0000,424.6373
2023-11-27T18:00,5,391.0000,423.2158
2023-11-27T19:00,5,390.0000,422.1892
2023-11-27T20:00,5,391.0000,422.6660
2023-11-27T23:00,5,395.0000,419.7984
2023-11-28T00:00,5,395.0000,421.3982
2023-11-28T02:00,5,395.0000,425.7243
2023-11-28T03:00,5,393.0000,423.5667
2023-11-28T04:00,5,392.0000,422.4475
2023-11-28T05:00,5,394.0000,421.4289
2023-11-28T06:00,5,397.0000,422.4849
2023-11-28T07:00,5,401.0000,420.9555
2023-11-28T08:00,5,408.0000,423.0705
2023-11-28T09:00,5,419.0000,421.4868
2023-11-28T10:00,5,436.0000,428.5459
2023-11-28T11:00,5,452.0000,437.1820
2023-11-28T12:00,5,463.0000,450.4829
2023-11-28T16:00,5,507.0000,505.1111
2023-11-28T17:00,5,529.0000,514.5232
2023-11-28T18:00,5,558.0000,527.8543
2023-11-28T19:00,5,574.0000,551.8051
2023-11-28T23:00,5,664.0000,603.0173
2023-11-29T02:00,5,698.0000,705.0420
2023-11-29T03:00,5,702.0000,731.8501
2023-11-29T04:00,5,709.0000,730.1581
2023-11-29T05:00,5,718.0000,711.1428
2023-11-29T06:00,5,732.0000,705.2405
2023-11-29T07:00,5,738.0000,711.0916
2023-11-29T08:00,5,743.0000,735.7099
2023-11-29T09:00,5,744.0000,746.7384
2023-11-29T10:00,5,744.0000,762.8035
2023-11-29T11:00,5,749.0000,745.5279
2023-11-29T16:00,5,770.0000,801.6636
2023-11-29T17:00,5,757.5536,768.1569
2023-11-29T18:00,5,738.0000,753.5803
2023-11-29T19:00,5,713.0000,747.4062
2023-11-29T20:00,5,700.0000,712.8167
2023-11-29T23:00,5,688.0000,656.9579
2023-11-30T02:00,5,663.0000,640.1333
2023-11-30T03:00,5,658.0000,635.7610
2023-11-30T05:00,5,645.0000,624.8909
2023-11-30T06:00,5,638.0000,613.9790
2023-11-30T07:00,5,631.0000,606.8478
2023-11-30T08:00,5,625.0000,591.3091
2023-11-30T09:00,5,618.0000,583.9585
2023-11-30T10:00,5,611.0000,600.7755
2023-11-30T11:00,5,605.0000,598.1775
2023-11-30T12:00,5,599.0000,594.4561
2023-11-30T13:00,5,591.0000,604.9319
2023-11-30T19:00,5,541.0000,535.2347
2023-11-30T20:00,5,539.0000,531.4905
2023-11-30T21:00,5,537.0000,532.8206
2023-11-30T22:00,5,533.0000,533.0628
2023-12-01T00:00,5,517.0000,531.8627
2023-12-01T01:00,5,520.0000,521.3297
2023-12-01T02:00,5,528.0000,523.3326
2023-12-01T03:00,5,530.0000,519.9264
2023-12-01T04:00,5,526.0000,517.5010
2023-12-01T05:00,5,521.0000,512.6843
2023-12-01T06:00,5,514.0000,518.7998
2023-12-01T07:00,5,508.0000,512.1227
2023-12-01T08:00,5,503.0000,505.3588
2023-12-01T09:00,5,499.0000,506.3601
2023-12-01T10:00,5,494.0000,500.1118
2023-12-01T11:00,5,491.0000,491.5191
2023-12-01T12:00,5,485.0000,487.4472
2023-12-01T13:00,5,482.0000,481.7897
2023-12-01T14:00,5,479.0000,478.2364
2023-12-01T16:00,5,476.0000,471.5998
2023-12-01T17:00,5,473.0000,472.3486
2023-12-01T18:00,5,471.0000,480.1866
2023-12-01T19:00,5,469.0000,470.4908
2023-12-01T20:00,5,465.0000,465.9225
2023-12-01T21:00,5,461.0000,460.8208
2023-12-01T22:00,5,459.0000,465.2411
2023-12-01T23:00,5,456.0000,466.7275
2023-12-02T00:00,5,454.0000,462.9364
2023-12-02T01:00,5,452.0000,460.7400
2023-12-02T02:00,5,449.0000,460.3262
2023-12-02T03:00,5,447.0000,456.4827
2023-12-02T04:00,5,445.0000,456.9433
2023-12-02T05:00,5,443.0000,453.6172
2023-12-02T06:00,5,441.0000,452.3601
2023-12-02T07:00,5,440.0000,451.0475
2023-12-02T08:00,5,439.0000,447.9860
2023-12-02T09:00,5,437.0000,447.3065
2023-12-02T10:00,5,436.0000,447.1806
2023-12-02T11:00,5,434.0000,443.6371
2023-12-02T12:00,5,434.0000,446.2449
2023-12-02T13:00,5,433.0000,442.3198
2023-12-02T14:00,5,431.0000,442.6624
2023-12-02T15:00,5,430.0000,440.9775
2023-12-02T16:00,5,430.0000,441.9350
2023-12-02T17:00,5,429.0000,440.3564
2023-12-02T18:00,5,429.0000,439.2384
2023-12-02T19:00,5,429.0000,439.4856
2023-12-02T20:00,5,428.0000,439.3469
2023-12-02T21:00,5,426.0000,438.5505
2023-12-02T22:00,5,424.0000,438.6258
2023-12-02T23:00,5,422.0000,438.0077
2023-12-03T00:00,5,419.0000,438.9027
2023-12-03T01:00,5,417.0000,438.9619
2023-12-03T02:00,5,414.0000,439.6089
2023-12-03T03:00,5,410.0000,440.1346
2023-12-03T04:00,5,407.0000,438.9863
2023-12-03T05:00,5,405.0000,438.7676
2023-12-03T06:00,5,406.0000,438.1124
2023-12-03T07:00,5,407.0000,434.7448
2023-12-03T08:00,5,409.0000,434.9035
2023-12-03T09:00,5,412.0000,433.1608
2023-12-03T10:00,5,416.0000,438.3663
2023-12-03T11:00,5,418.0000,439.2306
2023-12-03T12:00,5,419.0000,440.2095
2023-12-03T13:00,5,418.0000,442.3583
2023-12-03T14:00,5,417.0000,444.9107
2023-12-03T15:00,5,415.0000,444.1039
2023-12-03T16:00,5,413.0000,443.2715
2023-12-03T17:00,5,412.0000,440.5035
2023-12-03T18:00,5,409.0000,441.0257
2023-12-03T19:00,5,405.0000,433.4901
2023-12-03T20:00,5,401.0000,423.6005
2023-12-03T21:00,5,402.0000,422.6551
2023-12-03T22:00,5,410.0000,426.8947
2023-12-03T23:00,5,415.0000,427.4729
2023-12-04T00:00,5,417.0000,429.7337
2023-12-04T01:00,5,418.0000,434.4111
2023-12-04T02:00,5,417.0000,449.1852
2023-12-04T03:00,5,415.0000,455.5648
2023-12-04T04:00,5,413.0000,457.2776
2023-12-04T05:00,5,413.0000,460.6031
2023-12-04T06:00,5,416.0000,462.0625
2023-12-04T07:00,5,424.0000,465.4119
2023-12-04T08:00,5,441.0000,474.6544
2023-12-04T09:00,5,460.0000,480.3541
2023-12-04T10:00,5,482.0000,489.1795
2023-12-04T11:00,5,504.0000,493.8176
2023-12-04T12:00,5,521.0000,509.5056
2023-12-04T13:00,5,528.0000,523.9635
2023-12-04T14:00,5,543.0000,544.5948
2023-12-04T15:00,5,569.0000,545.6467
2023-12-04T16:00,5,586.0000,561.7057
2023-12-04T17:00,5,591.0000,563.9054
2023-12-04T18:00,5,590.0000,570.8230
2023-12-04T19:00,5,586.0000,599.1608
2023-12-04T20:00,5,581.0000,597.2965
2023-12-04T21:00,5,577.0000,578.3753
2023-12-04T22:00,5,572.0000,559.6146
2023-12-04T23:00,5,567.0000,552.8491
2023-12-05T00:00,5,562.0000,550.6880
2023-12-05T01:00,5,557.0000,551.8629
2023-12-05T02:00,5,552.0000,534.8615
2023-12-05T03:00,5,547.0000,523.5001
2023-12-05T04:00,5,542.0000,519.5825
2023-12-05T05:00,5,541.0000,509.9631
2023-12-05T06:00,5,541.0000,507.6489
2023-12-05T07:00,5,537.0000,501.7300
2023-12-05T08:00,5,534.0000,509.5572
2023-12-05T09:00,5,529.0000,506.2669
2023-12-05T10:00,5,515.0000,503.3021
2023-12-05T11:00,5,496.0000,509.6302
2023-12-05T12:00,5,493.0000,506.2717
2023-12-05T13:00,5,501.0000,504.8631
2023-12-05T14:00,5,503.0000,503.5418
2023-12-05T15:00,5,502.0000,491.6765
2023-12-05T16:00,5,499.0000,491.8194
2023-12-05T17:00,5,497.0000,506.6454
2023-12-05T18:00,5,493.0000,500.7217
2023-12-05T19:00,5,490.0000,498.5302
2023-12-05T20:00,5,487.0000,492.4394
2023-12-05T21:00,5,485.0000,490.9332
2023-12-05T22:00,5,483.0000,486.4288
2023-12-05T23:00,5,481.0000,485.3680
2023-12-06T00:00,5,480.0000,483.1606
2023-12-06T01:00,5,479.0000,483.6138
2023-12-06T02:00,5,477.0000,478.6329
2023-12-06T03:00,5,476.0000,475.6542
2023-12-06T04:00,5,476.0000,475.9647
2023-12-06T05:00,5,476.0000,484.3779
2023-12-06T06:00,5,471.0000,482.9875
2023-12-06T07:00,5,465.0000,470.6289
2023-12-06T08:00,5,462.0000,462.4028
2023-12-06T09:00,5,464.0000,472.7052
2023-12-06T10:00,5,468.0000,468.0236
2023-12-06T11:00,5,473.0000,466.4013
2023-12-06T12:00,5,477.0000,465.0960
2023-12-06T13:00,5,480.0000,471.1553
2023-12-06T14:00,5,481.0000,476.8319
2023-12-06T15:00,5,480.0000,480.2352
2023-12-06T16:00,5,478.0000,478.2660
2023-12-06T17:00,5,477.0000,481.3150
2023-12-06T18:00,5,474.0000,477.9055
2023-12-06T19:00,5,471.0000,474.2621
2023-12-06T20:00,5,469.0000,472.3725
2023-12-06T21:00,5,466.0000,472.7061
2023-12-06T22:00,5,464.0000,468.3109
2023-12-06T23:00,5,463.0000,466.9865
2023-12-07T00:00,5,461.0000,464.1480
2023-12-07T01:00,5,460.0000,467.5407
2023-12-07T02:00,5,458.0000,463.7442
2023-12-07T03:00,5,456.0000,462.6133
2023-12-07T04:00,5,453.0000,458.1766
2023-12-07T05:00,5,451.0000,458.9048
2023-12-07T06:00,5,449.0000,457.1499
2023-12-07T07:00,5,443.0000,459.1014
2023-12-07T08:00,5,431.0000,463.2895
2023-12-07T09:00,5,416.0000,460.8380
2023-12-07T10:00,5,404.0000,455.0917
2023-12-07T11:00,5,400.0000,449.0892
2023-12-07T12:00,5,403.0000,442.3670
2023-12-07T13:00,5,410.0000,431.8969
2023-12-07T14:00,5,427.0000,429.3412
2023-12-07T15:00,5,452.0000,433.6152
2023-12-07T16:00,5,474.0000,445.9001
2023-12-07T17:00,5,484.0000,455.6267
2023-12-07T18:00,5,489.0000,469.6244
2023-12-07T19:00,5,487.0000,489.1427
2023-12-07T20:00,5,483.0000,498.4553
2023-12-07T21:00,5,480.0000,493.5710
2023-12-07T22:00,5,477.0000,494.4927
2023-12-07T23:00,5,476.0000,484.4451
2023-12-08T00:00,5,476.0000,477.9766
2023-12-08T01:00,5,476.0000,477.1762
2023-12-08T02:00,5,476.0000,478.6387
2023-12-08T03:00,5,477.0000,479.8700
2023-12-08T04:00,5,479.0000,481.9015
2023-12-08T05:00,5,479.0000,478.9016
2023-12-08T06:00,5,479.0000,477.0755
2023-12-08T07:00,5,476.0000,478.4922
2023-12-08T08:00,5,465.0000,481.9254
2023-12-08T09:00,5,450.0000,471.6043
2023-12-08T10:00,5,439.0000,463.7949
2023-12-08T11:00,5,434.0000,460.6764
2023-12-08T12:00,5,436.0000,457.2535
2023-12-08T13:00,5,443.0000,452.5727
2023-12-08T14:00,5,458.0000,447.6753
2023-12-08T15:00,5,479.0000,448.1311
2023-12-08T16:00,5,490.0000,462.2529
2023-12-08T17:00,5,492.0000,468.3716
2023-12-08T18:00,5,492.0000,477.4794
2023-12-08T19:00,5,486.0000,490.7186
2023-12-08T20:00,5,478.0000,489.1874
2023-12-08T21:00,5,472.0000,481.3992
2023-12-08T22:00,5,467.0000,478.5755
2023-12-08T23:00,5,461.0000,466.9425
2023-12-09T00:00,5,456.0000,457.9987
2023-12-09T01:00,5,452.0000,455.4328
2023-12-09T02:00,5,449.0000,453.6390
2023-12-09T03:00,5,447.0000,454.6885
2023-12-09T04:00,5,445.0000,453.5862
2023-12-09T05:00,5,442.0000,450.0496
2023-12-09T06:00,5,439.0000,445.1514
2023-12-09T07:00,5,435.0000,446.5317
2023-12-09T08:00,5,425.0000,450.2635
2023-12-09T09:00,5,412.0000,439.7576
2023-12-09T10:00,5,399.0000,432.1572
2023-12-09T11:00,5,390.0000,436.1107
2023-12-09T12:00,5,385.0000,432.1949
2023-12-09T13:00,5,385.0000,426.4748
2023-12-09T14:00,5,389.0000,422.0125
2023-12-09T15:00,5,404.0000,416.3817
2023-12-09T16:00,5,427.0000,417.2836
2023-12-09T17:00,5,439.0000,427.4024
2023-12-09T18:00,5,448.0000,431.6799
2023-12-09T19:00,5,447.0000,438.6722
2023-12-09T20:00,5,443.0000,454.9391
2023-12-09T21:00,5,438.0000,450.8671
2023-12-09T22:00,5,433.0000,453.9091
2023-12-09T23:00,5,428.0000,441.6352
2023-12-10T00:00,5,423.0000,433.1253
2023-12-10T01:00,5,418.0000,428.3439
2023-12-10T02:00,5,414.0000,426.7616
2023-12-10T03:00,5,410.0000,428.9947
2023-12-10T04:00,5,406.0000,425.1594
2023-12-10T05:00,5,402.0000,421.0159
2023-12-10T06:00,5,399.0000,417.5906
2023-12-10T07:00,5,385.0000,422.9677
2023-12-10T08:00,5,353.0000,425.7108
2023-12-10T09:00,5,319.0000,410.1268
2024-01-18T17:00,6,498.0000,511.6912
2024-01-18T18:00,6,527.0000,492.1969
2024-01-18T19:00,6,544.0000,509.1095
2024-01-21T20:00,6,397.0000,420.7491
2024-01-21T21:00,6,395.0000,420.2482
2024-01-21T22:00,6,393.0000,418.0536
2024-04-14T02:00,7,537.0000,659.1555
2024-04-14T03:00,7,524.0000,590.5930
2024-04-14T04:00,7,510.0000,572.6801
2024-04-14T05:00,7,499.0000,549.4580
2024-04-14T06:00,7,490.0000,532.9602
2024-04-14T07:00,7,489.0000,513.1217
2024-04-14T08:00,7,483.0000,495.1419
2024-04-14T09:00,7,475.0000,487.1982
2024-04-14T10:00,7,469.0000,484.2271
2024-04-14T11:00,7,463.0000,592.4507
2024-04-14T12:00,7,456.0000,529.1923
2024-04-14T13:00,7,441.0000,485.2379
2024-04-14T14:00,7,423.0000,477.8216
2024-04-14T15:00,7,409.0000,458.1478
2024-04-14T16:00,7,400.0000,444.1376
2024-04-14T17:00,7,395.0000,428.3718
2024-04-14T18:00,7,391.0000,415.8113
2024-04-14T19:00,7,388.0000,410.9664
2024-04-14T20:00,7,392.0000,422.5921
2024-04-14T21:00,7,397.0000,419.2940
2024-04-14T22:00,7,402.0000,412.1306
2024-04-14T23:00,7,403.0000,406.5280
2024-04-15T00:00,7,403.0000,414.1566
2024-04-15T01:00,7,401.0000,405.7448
2024-04-15T02:00,7,398.0000,401.4973
2024-04-15T03:00,7,396.0000,391.4304
2024-04-15T04:00,7,394.0000,353.1508
2024-04-15T05:00,7,392.0000,373.4765
2024-04-15T06:00,7,391.0000,392.2946
2024-04-15T07:00,7,389.0000,394.9296
2024-04-15T08:00,7,387.0000,397.5317
2024-04-15T09:00,7,386.0000,408.1085
2024-04-15T10:00,7,384.0000,414.5130
2024-04-15T11:00,7,380.0000,409.7961
2024-04-15T12:00,7,368.0000,409.8702
2024-04-15T13:00,7,352.0000,401.5473
2024-04-15T14:00,7,340.0000,397.4665
2024-04-15T15:00,7,332.0000,397.6736
2024-04-15T16:00,7,327.0000,390.5810
2024-04-15T17:00,7,323.0000,382.4082
2024-04-15T18:00,7,320.0000,380.8069
2024-04-15T19:00,7,318.0000,378.8592
2024-04-15T20:00,7,316.0000,385.3652
2024-04-15T21:00,7,316.0000,381.2130
2024-04-15T22:00,7,315.0000,375.9614
2024-04-15T23:00,7,315.0000,377.3952
2024-04-16T00:00,7,316.0000,375.6654
2024-04-16T01:00,7,324.0000,376.2562
2024-04-16T02:00,7,341.0000,366.8922
2024-04-16T03:00,7,358.0000,366.9387
2024-04-16T04:00,7,378.0000,368.6860
2024-04-16T05:00,7,391.0000,376.4664
2024-04-16T06:00,7,408.0000,395.4839
2024-04-16T07:00,7,416.0000,406.6426
2024-04-16T08:00,7,427.0000,419.3735
2024-04-16T10:00,7,451.0000,434.5141
2024-04-16T11:00,7,459.0000,430.7393
2024-04-16T12:00,7,464.0000,437.1025
2024-04-16T13:00,7,466.0000,448.9517
2024-04-16T14:00,7,467.0000,461.2638
2024-04-16T15:00,7,468.0000,476.7980
2024-04-16T16:00,7,471.0000,475.9173
2024-04-16T17:00,7,473.0000,479.4753
2024-04-16T19:00,7,475.0000,482.8126
2024-04-16T22:00,7,465.0000,476.7858
2024-04-16T23:00,7,463.0000,480.7979
2024-04-17T00:00,7,461.0000,477.7149
2024-04-17T01:00,7,458.0000,473.5606
2024-04-17T02:00,7,456.0000,466.9347
2024-04-17T03:00,7,453.0000,464.7460
2024-04-17T04:00,7,450.0000,460.5986
2024-04-17T05:00,7,448.0000,457.9514
2024-04-17T07:00,7,442.0000,452.5179
2024-04-17T09:00,7,433.0000,444.5706
2024-04-17T10:00,7,430.0000,436.0574
2024-04-17T11:00,7,429.0000,433.0289
2024-04-17T12:00,7,428.0000,431.3510
2024-04-17T13:00,7,426.0000,430.3421
2024-04-17T14:00,7,425.0000,427.3844
2024-04-17T15:00,7,422.0000,426.6490
2024-04-17T16:00,7,418.0000,428.1973
2024-04-17T17:00,7,414.0000,426.6912
2024-04-17T18:00,7,411.0000,426.5795
2024-04-17T19:00,7,408.0000,425.7698
2024-04-17T20:00,7,405.0000,425.8142
2024-04-17T21:00,7,402.0000,422.7207
2024-04-17T22:00,7,400.0000,419.1525
2024-04-17T23:00,7,398.0000,416.2896
2024-04-18T00:00,7,398.0000,415.0817
2024-04-18T01:00,7,398.0000,415.2210
2024-04-18T02:00,7,397.0000,416.5368
2024-04-29T05:00,8,507.0000,462.0656
2024-04-29T06:00,8,516.0000,459.7203
2024-04-29T07:00,8,527.0000,432.2497
2024-04-29T08:00,8,534.0000,463.5386
2024-04-29T09:00,8,534.0000,508.5505
2024-04-29T10:00,8,540.0000,501.9209
2024-04-29T11:00,8,561.0000,523.6285
2024-04-29T12:00,8,593.0000,531.9634
2024-04-29T13:00,8,633.0000,529.8257
2024-04-29T14:00,8,679.0000,539.9385
2024-04-29T15:00,8,736.0000,570.3518
2024-04-29T16:00,8,795.0000,614.2381
2024-04-29T17:00,8,793.0000,663.8238
2024-04-29T18:00,8,809.0000,739.8703
2024-04-29T19:00,8,842.0000,812.7045
2024-04-29T20:00,8,875.0000,903.3860
2024-04-29T21:00,8,927.0000,837.3479
2024-04-29T22:00,8,1030.0000,890.7590
2024-04-29T23:00,8,1136.0000,938.0482
2024-04-30T00:00,8,1180.0000,984.4148
2024-04-30T01:00,8,1211.0000,1129.0812
2024-04-30T02:00,8,1245.0000,1326.2465
2025-08-21T06:00,13,418.0000,415.9169
2025-08-21T07:00,13,422.0000,417.1319
2025-08-21T08:00,13,406.0000,420.1054
2025-08-21T09:00,13,396.0000,418.4139
2025-08-21T10:00,13,407.0000,417.6947
2025-08-21T11:00,13,433.0000,406.5235
2025-08-21T12:00,13,471.0000,398.9474
2025-08-21T13:00,13,530.0000,401.2166
2025-08-21T14:00,13,564.0000,426.9567
2025-08-21T15:00,13,579.0000,458.0992
2025-08-21T16:00,13,594.0000,497.7407
2025-08-21T17:00,13,602.0000,570.0014
2025-08-21T18:00,13,612.0000,607.8059
2025-08-21T19:00,13,625.0000,643.1508
2025-08-21T20:00,13,630.0000,638.2681
2025-08-21T21:00,13,630.0000,614.5680
2025-08-21T22:00,13,629.0000,616.6985
2025-08-21T23:00,13,627.0000,632.5881
2025-08-22T00:00,13,626.0000,629.4149
2025-08-22T01:00,13,626.0000,623.2657
2025-08-22T02:00,13,625.0000,608.3055
2025-08-22T03:00,13,625.0000,597.3097
2025-08-22T04:00,13,610.0000,597.7981
2025-08-22T05:00,13,590.0000,599.2836
2025-08-22T06:00,13,589.0000,594.1212
2025-08-22T07:00,13,601.0000,588.9702
2025-08-22T08:00,13,602.0000,556.2242
2025-08-22T09:00,13,598.0000,535.0334
2025-08-22T10:00,13,594.0000,556.1786
2025-08-22T11:00,13,590.0000,559.4006
2025-08-22T12:00,13,601.0000,533.4417
2025-08-22T13:00,13,616.0000,528.1204
2025-08-22T14:00,13,618.0000,537.7618
2025-08-22T15:00,13,614.0000,544.2698
2025-08-22T16:00,13,609.0000,596.8947
2025-08-22T17:00,13,603.0000,621.7315
2025-08-22T18:00,13,598.0000,599.6666
2025-08-22T19:00,13,591.0000,602.5930
2025-08-22T20:00,13,582.0000,595.6945
2025-08-22T21:00,13,572.0000,579.4655
2025-08-22T22:00,13,563.0000,570.9797
2025-08-22T23:00,13,554.0000,557.8728
2025-08-23T00:00,13,546.0000,547.0906
2025-08-23T01:00,13,539.0000,535.0161
2025-08-23T02:00,13,531.0000,524.2621
2025-08-23T03:00,13,524.0000,512.2059
2025-08-23T04:00,13,503.0000,503.3846
2025-08-23T05:00,13,470.0000,502.0394
2025-08-23T06:00,13,450.0000,506.3987
2025-08-23T07:00,13,444.0000,499.8437
2025-08-23T08:00,13,445.0000,466.6297
2025-08-23T09:00,13,445.0000,426.6711
2025-08-23T10:00,13,444.0000,420.1037
2025-08-23T11:00,13,441.0000,426.7567
2025-08-23T12:00,13,452.0000,437.8470
2025-08-23T13:00,13,485.0000,441.4587
2025-08-23T14:00,13,498.0000,443.8125
2025-08-23T15:00,13,498.0000,442.6366
2025-08-23T16:00,13,487.0000,462.2040
2025-08-23T17:00,13,478.0000,505.4928
2025-08-23T18:00,13,473.0000,508.4765
2025-08-23T19:00,13,469.0000,518.4492
2025-08-23T20:00,13,465.0000,510.2772
2025-08-23T21:00,13,460.0000,488.2671
2025-08-23T22:00,13,454.0000,480.2518
2025-08-23T23:00,13,448.0000,478.8559
2025-08-24T00:00,13,442.0000,472.4111
2025-08-24T01:00,13,437.0000,464.0250
2025-08-24T02:00,13,433.0000,450.7636
2025-08-24T03:00,13,429.0000,453.6182
2025-08-24T04:00,13,425.0000,459.8336
2025-08-24T05:00,13,422.0000,456.4111
2025-08-24T06:00,13,410.0000,452.2231
2025-08-24T07:00,13,378.0000,449.1791
2025-08-24T08:00,13,350.0000,442.5633
2025-08-24T09:00,13,336.0000,434.8739
2025-08-24T10:00,13,335.0000,422.1225
2025-08-24T11:00,13,344.0000,391.4946
2025-08-24T12:00,13,383.0000,373.1532
2025-08-24T13:00,13,413.0000,370.6873
2025-08-24T14:00,13,419.0000,385.3583
2025-08-24T15:00,13,416.0000,399.2026
2025-08-24T16:00,13,411.0000,441.1960
2025-08-24T17:00,13,408.0000,454.9804
2025-08-24T18:00,13,408.0000,444.1422
2025-08-24T19:00,13,408.0000,456.4993
2025-08-24T20:00,13,408.0000,455.4610
2025-08-24T21:00,13,407.0000,446.9772
2025-08-24T22:00,13,405.0000,441.6002
2025-08-24T23:00,13,402.0000,437.8012
2025-08-25T00:00,13,398.0000,433.3185
2025-08-25T01:00,13,395.0000,432.4789
2025-08-25T02:00,13,392.0000,436.7976
2025-08-25T03:00,13,388.0000,432.7671
2025-09-03T00:00,14,418.0000,435.7786
2025-09-03T01:00,14,436.0000,431.2377
2025-09-03T02:00,14,456.0000,432.1757
2025-09-03T03:00,14,488.0000,436.1065
2025-09-03T04:00,14,532.0000,454.9006
2025-09-03T05:00,14,564.0000,476.3727
2025-09-03T06:00,14,602.0000,489.1815
2025-09-03T07:00,14,636.0000,520.2204
2025-09-03T08:00,14,668.0000,568.0720
2025-09-03T09:00,14,694.0000,573.3944
2025-09-03T10:00,14,729.0000,612.0308
2025-09-03T11:00,14,757.0000,628.3960
2025-09-03T12:00,14,772.0000,648.4879
2025-09-03T13:00,14,784.0000,667.2751
2025-09-03T14:00,14,793.0000,725.2594
2025-09-03T15:00,14,799.0000,760.9510
2025-09-03T16:00,14,801.0000,772.9839
2025-09-03T17:00,14,801.0000,783.8625
2025-09-03T18:00,14,797.0000,792.4530
2025-09-03T19:00,14,791.0000,803.4512
2025-09-03T20:00,14,785.0000,817.7179
2025-09-03T21:00,14,780.0000,808.1751
2025-09-03T22:00,14,778.0000,801.5820
2025-09-03T23:00,14,784.0000,779.3134
2025-09-04T00:00,14,785.0000,765.7252
2025-09-04T01:00,14,783.0000,755.1543
2025-09-04T02:00,14,779.0000,756.8502
2025-09-04T03:00,14,774.0000,766.1741
2025-09-04T04:00,14,771.0000,778.5912
2025-09-04T05:00,14,765.0000,784.4532
2025-09-04T06:00,14,757.0000,776.5210
2025-09-04T07:00,14,747.0000,765.3186
2025-09-04T08:00,14,736.0000,760.1205
2025-09-04T09:00,14,726.0000,742.6397
2025-09-04T10:00,14,719.0000,735.7782
2025-09-04T11:00,14,718.0000,725.2963
2025-09-04T12:00,14,721.0000,710.1024
2025-09-04T13:00,14,721.0000,689.8394
2025-09-04T14:00,14,716.0000,696.1998
2025-09-04T15:00,14,699.0000,702.7104
2025-09-04T16:00,14,679.0000,743.1995
2025-09-04T17:00,14,664.0000,740.8790
2025-09-04T18:00,14,652.0000,722.6655
2025-09-04T19:00,14,644.0000,700.4365
2025-09-04T20:00,14,637.0000,675.8877
2025-09-04T21:00,14,629.0000,653.3975
2025-09-04T22:00,14,618.0000,628.6751
2025-09-04T23:00,14,611.0000,619.7437
2025-09-05T00:00,14,605.0000,609.1128
2025-09-05T01:00,14,596.0000,597.7898
2025-09-05T02:00,14,587.0000,581.3861
2025-09-05T03:00,14,572.0000,576.9276
2025-09-05T09:00,14,521.0000,466.0286
2025-09-05T10:00,14,550.0000,455.6132
2025-09-05T11:00,14,566.0000,457.8509
2025-09-05T12:00,14,571.0000,468.8726
2025-09-05T13:00,14,569.0000,499.9213
2025-09-05T14:00,14,563.0000,549.6434
2025-09-05T15:00,14,547.0000,585.2516
2025-09-05T16:00,14,534.0000,578.7621
2025-09-06T08:00,14,365.0000,429.5908
2025-09-07T00:00,14,423.0000,460.0071
2025-09-07T01:00,14,417.0000,453.0680
2025-09-07T02:00,14,413.0000,441.4972
2025-09-07T03:00,14,408.0000,449.7960
2025-09-07T04:00,14,387.0000,452.3834
2025-09-07T05:00,14,353.0000,436.8731
2025-09-07T06:00,14,325.0000,430.6421
2025-09-07T07:00,14,309.0000,422.2589